n_interior,n_boundary,mse,train_time_sec
20,10,0.2450241250867519,4.279850959777832
20,20,0.2450251610978497,4.100291967391968
20,30,0.24502449416236463,4.220592021942139
20,40,0.24502550618459112,4.201770067214966
20,50,0.24502532130917556,4.219051122665405
20,60,0.24502492108482635,4.126817941665649
20,70,0.24502605232023256,4.1330461502075195
20,80,0.2450248789665091,4.269833087921143
20,90,0.24502517445223962,4.235126972198486
20,100,0.24502358044655076,4.322722911834717
20,110,0.2450250775419468,4.243577241897583
20,120,0.24502553025389043,4.225231170654297
20,130,0.2450236961273476,4.2520387172698975
20,140,0.2450248546601827,4.212997198104858
20,150,0.2450254546228327,4.222898244857788
20,160,0.24502471565739062,4.177011013031006
20,170,0.24502476634464224,4.241544008255005
20,180,0.24502485933615584,4.251665115356445
20,190,0.24502504161233987,4.266786098480225
20,200,0.24502776481618577,4.266783237457275
20,210,0.245026561610963,4.300552845001221
20,220,0.24502475984227248,4.282224893569946
20,230,0.2450245858297889,4.248870134353638
20,240,0.2450235551634636,4.28415322303772
20,250,0.24502540978713036,4.274048089981079
20,260,0.24502497984459273,4.253403186798096
20,270,0.2450242807547156,4.296785116195679
20,280,0.24502223406989143,4.32000207901001
20,290,0.24502587743193086,4.311370134353638
20,300,0.24502525031386768,4.33777117729187
20,310,0.24502529902941314,4.335068941116333
20,320,0.24502534362493952,4.3557140827178955
20,330,0.24502452633033628,4.317218065261841
20,340,0.2450244102025889,4.294034004211426
20,350,0.2450248536155772,4.359857797622681
20,360,0.2450261007272228,4.350884199142456
20,370,0.2450245495227617,4.350369930267334
20,380,0.24502472735923916,4.336805820465088
20,390,0.2450239199601683,4.3856940269470215
40,10,0.3860975326040245,4.205806016921997
40,20,0.27625052459624083,4.2418060302734375
40,30,0.3888912485226816,4.207173109054565
40,40,0.12723650283038382,4.261999130249023
40,50,0.2669429683654205,4.307463884353638
40,60,0.4945441083582461,4.270484924316406
40,70,0.30461411349294976,4.276017904281616
40,80,0.2466941484379206,4.235136985778809
40,90,0.5904242358435058,4.231611967086792
40,100,0.8318203897702456,4.282717943191528
40,110,0.23157937827633523,4.321319103240967
40,120,0.26380903889438495,4.304357051849365
40,130,1.5975088035170153,4.253448963165283
40,140,0.10845606450152909,4.310238838195801
40,150,0.27416367760331184,4.317350149154663
40,160,0.22822424326319743,4.31638503074646
40,170,0.678976509527436,4.300910234451294
40,180,0.20083652381788974,4.3779966831207275
40,190,0.05057325042622348,4.350388050079346
40,200,0.2791609346166836,4.382105827331543
40,210,1.1488049606176922,4.370021104812622
40,220,0.1360012087758464,4.370254039764404
40,230,0.2510650853386296,4.3665289878845215
40,240,1.8576300186028214,4.391150236129761
40,250,0.2671592739305675,4.385969161987305
40,260,0.14389821952558757,4.397241115570068
40,270,0.33476986297452227,4.438565015792847
40,280,0.7921856596344282,4.378643989562988
40,290,0.19885371982055816,4.418423891067505
40,300,0.20595819784637825,4.388769865036011
40,310,0.15571312354648653,4.428630828857422
40,320,0.1320159436175101,4.382650852203369
40,330,0.31187988945347433,4.442103147506714
40,340,0.5769894532793649,4.451374053955078
40,350,1.9769304844538953,4.48851203918457
40,360,0.15822563819090504,4.476369857788086
40,370,0.16665492736157028,4.494709014892578
40,380,0.3041586754681609,4.459407091140747
40,390,1.6059192766486172,4.4456260204315186
60,10,0.9844898072986498,4.232496023178101
60,20,0.39875629189574946,4.300681114196777
60,30,0.3120611234146014,4.276668310165405
60,40,0.16619516500879553,4.32797384262085
60,50,0.3046693561144249,4.285123825073242
60,60,0.13856480691799983,4.289233207702637
60,70,0.10723407822732384,4.284625768661499
60,80,0.2406448751183993,4.341935873031616
60,90,0.2721353406148399,4.3427979946136475
60,100,0.12251919180377904,4.32540488243103
60,110,0.1654190355209338,4.452852964401245
60,120,0.3246492339574234,4.348201036453247
60,130,0.6700485264693974,4.299156904220581
60,140,0.028827254538574102,4.319639205932617
60,150,0.14029482103157867,4.3676769733428955
60,160,0.14281561157891232,4.3717169761657715
60,170,0.1384886873985552,4.319911956787109
60,180,0.0820585805082289,4.398766040802002
60,190,0.2611202441971502,4.36598801612854
60,200,0.02684909288920834,4.429686069488525
60,210,0.10514961406332543,4.401983976364136
60,220,0.1691027400213895,5.0522401332855225
60,230,0.13138701532947353,4.903017997741699
60,240,0.3892633738623078,4.5449652671813965
60,250,0.5235409090540628,4.452242136001587
60,260,0.1447100564357211,4.454256772994995
60,270,0.011414096410444904,4.434974193572998
60,280,0.11110956265046802,4.462466239929199
60,290,0.21553488201653026,4.466086149215698
60,300,0.24550913380154657,4.425812244415283
60,310,0.004339562152487779,4.4930338859558105
60,320,0.30683781077606187,4.45203709602356
60,330,0.2583364642733609,4.456834077835083
60,340,0.058533067249958756,4.438198089599609
60,350,0.1958866922166322,4.497844219207764
60,360,0.15484846825178342,4.582089900970459
60,370,0.18693825763013433,4.500737190246582
60,380,0.09545177073992761,4.587200880050659
60,390,0.031848313558836,4.5093138217926025
80,10,1.0613563112242133,4.32668399810791
80,20,0.40636054030985663,4.285981893539429
80,30,0.13315092930453337,4.288408041000366
80,40,0.06346363380754008,4.322352886199951
80,50,0.019793207702410495,4.3505918979644775
80,60,0.006922132105686097,4.323319911956787
80,70,0.03131820386927211,4.319260835647583
80,80,0.11531785047237647,4.410287141799927
80,90,0.05036151762219605,4.3413591384887695
80,100,0.11950026148321558,4.379487037658691
80,110,0.008423798798954486,4.340455055236816
80,120,0.11298498056032058,4.389634132385254
80,130,0.13060540439327906,4.446943998336792
80,140,0.035469856550706676,4.384788990020752
80,150,0.18532329198666508,4.420740842819214
80,160,0.004085076766980039,4.442958116531372
80,170,0.00533046276288642,4.434518098831177
80,180,0.005093868106072391,4.4359130859375
80,190,0.24232027562329853,4.413157224655151
80,200,0.18188420460695737,4.4230828285217285
80,210,0.004210264507631925,4.4504828453063965
80,220,0.02003381534060006,4.512504816055298
80,230,0.36682941767509114,4.5035719871521
80,240,0.1407099078772805,4.427045106887817
80,250,0.2594422501481236,4.486546993255615
80,260,0.003921453726573997,4.523948907852173
80,270,0.06322137813270015,4.559244155883789
80,280,0.18729165807698758,4.509074926376343
80,290,0.133106456819322,4.513407945632935
80,300,0.4497914656107156,4.550673961639404
80,310,0.03015201864816575,4.537712097167969
80,320,0.31552797944991073,4.547379970550537
80,330,0.2047074090705711,4.605434894561768
80,340,0.06192123491957986,4.556654930114746
80,350,0.395615293249301,4.607373952865601
80,360,0.326930316644696,4.515481948852539
80,370,0.13697396437264167,4.53525710105896
80,380,0.07731754695260164,4.557704210281372
80,390,0.09452427139356977,4.57201886177063
100,10,1.122417211208764,4.582924842834473
100,20,0.005217885315011127,4.503596782684326
100,30,0.04284558094043803,665.9552283287048
100,40,0.002522566995565306,4.714014053344727
100,50,0.01204065158195293,4.733548641204834
100,60,0.15930599520249128,4.621078014373779
100,70,0.1564215152703093,4.79118800163269
100,80,0.0036914619783970865,4.736562967300415
100,90,0.0045072971271241154,4.585563898086548
100,100,0.16427719923578582,4.651856899261475
100,110,0.006441634873379107,4.734337091445923
100,120,0.07618930906677657,4.75245475769043
100,130,0.004949222303211367,4.584183931350708
100,140,0.0014381006585629638,4.971668004989624
100,150,0.07852528003679983,4.704497814178467
100,160,0.10034244197012146,4.81097412109375
100,170,0.004868140848703404,4.584196090698242
100,180,0.21619878155521374,4.641149044036865
100,190,0.002846111977816661,4.719785213470459
100,200,0.006111665542620866,4.67769718170166
100,210,0.01106598881592689,4.6916539669036865
100,220,0.10393072458523483,4.699856758117676
100,230,0.1570003305754515,4.632364988327026
100,240,0.006211826154749342,4.652294158935547
100,250,0.006572002396273165,4.784570932388306
100,260,0.0032008378775596116,4.709913015365601
100,270,0.04476982609305793,5.069256067276001
100,280,0.004973649932425775,4.6907689571380615
100,290,0.012476687929178288,4.7157697677612305
100,300,0.004601224655251863,4.730223894119263
100,310,0.003934581305090172,4.747099876403809
100,320,0.012602746809812021,4.777416944503784
100,330,0.009991002483147791,4.714931964874268
100,340,0.003287130279840341,4.755506992340088
100,350,0.0051502571268718855,4.740749835968018
100,360,0.004266404199771294,4.7666590213775635
100,370,0.00502041648621359,4.759696960449219
100,380,0.007646796686508905,4.850283861160278
100,390,0.004856530984048558,4.879528999328613
120,10,0.9534724888832327,4.525339841842651
120,20,0.0035081204994110576,4.681365013122559
120,30,0.005222712748801046,4.5208399295806885
120,40,0.009263067370803697,4.532480001449585
120,50,0.014208508490957684,4.763992786407471
120,60,0.00883073882066977,4.759150743484497
120,70,0.06579101004584818,4.738107204437256
120,80,0.002315855179420279,4.595444917678833
120,90,0.003556742368206043,4.632535934448242
120,100,0.04021444635627757,4.724228143692017
120,110,0.007704381647925459,4.701413154602051
120,120,0.38314778512179376,4.718400001525879
120,130,0.0025240676262146553,4.6413047313690186
120,140,0.00968626378642888,4.672080755233765
120,150,1.6414186881905029,4.832998275756836
120,160,0.03491424475056072,4.660340070724487
120,170,0.004366629434818466,4.712273836135864
120,180,0.005725067317213619,4.686885833740234
120,190,0.11634244125400706,4.689208984375
120,200,0.017468272696104577,4.840695858001709
120,210,0.0986124429188218,4.736579895019531
120,220,0.0073892788022018666,5.244654655456543
120,230,0.3172716315195062,4.919179677963257
120,240,0.011222799202979255,5.398793935775757
120,250,0.008214606885256113,5.40449595451355
120,260,0.0030667879378012053,4.8666441440582275
120,270,0.04677270125692762,4.788505792617798
120,280,0.0972123788174651,4.786708831787109
120,290,0.03523965085826135,4.794394254684448
120,300,0.0036827293018861264,4.799540042877197
120,310,0.014336039025744589,4.82501482963562
120,320,0.003452207171833476,4.782066822052002
120,330,0.003855600699314543,4.742349147796631
120,340,0.008978366902254236,4.785284042358398
120,350,0.24184280834406854,4.857280015945435
120,360,0.01695669790495929,4.7559428215026855
120,370,0.016812930002157413,4.786988973617554
120,380,0.004146548159199699,4.789095878601074
120,390,0.011229982751361188,4.8159339427948
140,10,1.0207932794588892,4.6236350536346436
140,20,0.006422456228851628,4.785968780517578
140,30,0.002753465025810101,4.610628843307495
140,40,0.004331901910432019,4.654522180557251
140,50,0.010856751217948431,4.652411699295044
140,60,0.006861088472326543,4.644575357437134
140,70,0.005970680249416345,4.661966800689697
140,80,0.006008263414090147,4.644854784011841
140,90,0.1384359606037317,4.629273891448975
140,100,0.004345185074173626,4.662550926208496
140,110,0.009100558399001037,4.663402080535889
140,120,0.003303965177596994,4.637281894683838
140,130,0.003511495416020914,4.720219135284424
140,140,0.6131475640742793,4.684265851974487
140,150,0.01207883136339024,4.694944858551025
140,160,0.004068348116293301,4.686301946640015
140,170,0.005402312141574117,4.728786945343018
140,180,0.01660841034842022,4.7881739139556885
140,190,0.002854767117861787,4.759321212768555
140,200,0.01587723302453445,4.7778167724609375
140,210,0.0177167739323887,4.814832925796509
140,220,0.005711529923028318,4.795398950576782
140,230,0.04452172501898031,4.945178985595703
140,240,0.003257855252029649,4.860273122787476
140,250,0.006525323593123339,4.859631061553955
140,260,0.00507596042936899,4.966805934906006
140,270,0.00939203599877984,4.851535081863403
140,280,0.0029604596493748984,4.754219055175781
140,290,0.0020005183926637493,4.796162128448486
140,300,0.00538453947985944,4.821346998214722
140,310,0.011300611217482591,5.0032148361206055
140,320,0.001739800038010317,4.921872138977051
140,330,0.0033129057264505903,4.803384065628052
140,340,0.007874596618972574,4.9467949867248535
140,350,0.003936944911191899,5.017765760421753
140,360,0.006096206470647703,4.920358180999756
140,370,0.11808068587540825,4.9629480838775635
140,380,0.016139231773104088,4.864126205444336
140,390,0.0023167957717456877,4.900237083435059
160,10,0.3164309100501986,4.912277936935425
160,20,0.009048297183024018,4.714306831359863
160,30,0.012758151549776093,4.756197929382324
160,40,0.0030670584066653105,4.70960807800293
160,50,0.020085698137472626,4.695935964584351
160,60,0.007037790924731488,4.739099979400635
160,70,0.031887431967832995,4.770801067352295
160,80,0.0089275708035513,4.759731769561768
160,90,0.005120217795273561,4.986546039581299
160,100,0.007013064965394896,4.827744007110596
160,110,0.006958994654428797,4.7229602336883545
160,120,0.008944335306595502,4.8148767948150635
160,130,0.004949412414067439,4.705747127532959
160,140,0.018099310368613845,4.76917576789856
160,150,0.00438855506956395,4.737423896789551
160,160,0.004669728035495963,4.774243116378784
160,170,0.01722646678499855,4.7375569343566895
160,180,0.031456448887189105,4.685716867446899
160,190,0.0038901795442235986,4.69267463684082
160,200,0.005166218111254773,4.697334051132202
160,210,0.014301546301853546,4.71245813369751
160,220,0.00874821395055468,5.017225027084351
160,230,0.0010865734263079928,4.83099627494812
160,240,0.0030775997530423107,4.759089946746826
160,250,0.007818574607655955,4.731701135635376
160,260,0.00397695587479129,4.810821294784546
160,270,0.005451299777159784,4.84857702255249
160,280,0.003833946169332127,4.811253070831299
160,290,0.0027036482297853196,4.800031900405884
160,300,0.010499730227637517,4.831537246704102
160,310,0.014889131042680713,4.89151406288147
160,320,0.004426436203209308,4.843111276626587
160,330,0.015176172636910727,4.823719024658203
160,340,0.0034742711789252454,4.897272109985352
160,350,0.003948487930362708,4.918637752532959
160,360,0.0032200016052593796,4.911739826202393
160,370,0.005822887309268107,4.899604082107544
160,380,0.0034437172211052073,4.857867240905762
160,390,0.04346899989325933,4.882226228713989
180,10,0.3992587026421412,4.796945095062256
180,20,0.008113458053304627,4.87795090675354
180,30,0.005960179408879266,4.768049955368042
180,40,0.011342847196205258,4.793609380722046
180,50,0.0026156055228453985,4.869096994400024
180,60,0.00589552680579216,4.831715822219849
180,70,0.004214871020123451,4.8418288230896
180,80,0.0021220765326314143,4.839860916137695
180,90,0.0023050231319770385,4.84309983253479
180,100,0.003777309414820529,4.902117967605591
180,110,0.005098534139685391,4.809870004653931
180,120,0.006065948884079253,4.869497060775757
180,130,0.003948690266223594,4.8450939655303955
180,140,0.008637613623114587,4.839879989624023
180,150,0.005289051839095579,4.900740146636963
180,160,0.002825156100484189,4.832085847854614
180,170,0.015078639543402281,4.909418821334839
180,180,0.007820008475233203,4.9028480052948
180,190,0.003609316164704225,4.917185068130493
180,200,0.006000355194804958,4.89539098739624
180,210,0.0038158357740086728,4.935476064682007
180,220,0.004080545239287156,4.935456991195679
180,230,0.003881114427743406,4.918160915374756
180,240,0.003532317248188653,4.957026243209839
180,250,0.005012617311534126,5.039214134216309
180,260,0.013863058735187552,5.158156156539917
180,270,0.011657762923194698,4.975569248199463
180,280,0.005700638189669971,5.038959980010986
180,290,0.010882702373232668,5.094305038452148
180,300,0.0033897525629249044,5.037519931793213
180,310,0.005113996823482986,5.09418797492981
180,320,0.002049919484951861,5.106343746185303
180,330,0.004750719344073781,5.0939459800720215
180,340,0.004248439175680455,5.1503050327301025
180,350,0.0036061112299962516,5.042418956756592
180,360,0.005804425979818897,5.015116214752197
180,370,0.012516166051404884,5.085768222808838
180,380,0.002498428146883145,5.064704895019531
180,390,0.005973029340159902,5.050811052322388
200,10,0.6776632047167819,5.141526937484741
200,20,0.032675695803722614,5.00180196762085
200,30,0.010409300989248292,5.199860095977783
200,40,0.008791228548023859,5.28039288520813
200,50,0.01773205450553661,5.18683123588562
200,60,0.011172593817311881,5.183017015457153
200,70,0.012935150930400574,5.1562957763671875
200,80,0.030650020792528453,5.160968065261841
200,90,0.01086731968115083,5.166690111160278
200,100,0.003010758091051235,5.1858179569244385
200,110,0.03177821114260175,5.198554754257202
200,120,0.011493787808733856,4.947110176086426
200,130,0.007126216998095487,5.15198016166687
200,140,0.00524861603953694,5.058109998703003
200,150,0.0019159810120536356,5.032848834991455
200,160,0.0024454470251279114,5.1366798877716064
200,170,0.0026897287055576004,5.169589996337891
200,180,0.003822241164758431,5.171711206436157
200,190,0.003696091059448257,5.13210916519165
200,200,0.03787580403907121,5.125593900680542
200,210,0.004057340291977081,5.216162204742432
200,220,0.02367064800128919,5.175015926361084
200,230,0.005434296260826835,5.101913213729858
200,240,0.004656926883874869,5.1158740520477295
200,250,0.003540049948523045,5.1173412799835205
200,260,0.00853639983167307,5.208554983139038
200,270,0.0015264137463100848,5.082120895385742
200,280,0.011892106949602889,5.225915193557739
200,290,0.004286872187224746,5.097308158874512
200,300,0.002937884059298662,5.0875866413116455
200,310,0.0028762396681567765,5.170122146606445
200,320,0.007218355485621166,5.110453128814697
200,330,0.0019321768733586793,5.067217826843262
200,340,0.005912279658739636,5.199969053268433
200,350,0.0038012488961133377,5.052088975906372
200,360,0.005434181628295916,5.1016058921813965
200,370,0.004264174129719632,5.1658220291137695
200,380,0.0035197117092999716,5.244241952896118
200,390,0.01744900547576212,5.174715280532837
220,10,2.0842384912211482,4.918720722198486
220,20,0.005855706787341398,4.871622085571289
220,30,0.0030412132777501723,4.9292590618133545
220,40,0.005685615560505248,4.967797040939331
220,50,0.006456239704295024,4.956524133682251
220,60,0.007386774255804984,4.92833399772644
220,70,0.0075785198833396294,4.924617767333984
220,80,0.00865028722355109,4.954756736755371
220,90,0.007769425839469369,4.9262189865112305
220,100,0.005023898897613479,4.943702936172485
220,110,0.0034226066681793056,5.025787115097046
220,120,0.004832994118645985,5.084362030029297
220,130,0.0036902816728616216,5.014746189117432
220,140,0.002846226559046994,4.9612977504730225
220,150,0.008610762122355883,5.032587766647339
220,160,0.00421686223167262,5.005153179168701
220,170,0.0022328809956172124,5.114722013473511
220,180,0.0039573858858713866,5.079254150390625
220,190,0.005535665043623594,5.07736611366272
220,200,0.004168681188531419,5.058870077133179
220,210,0.003112703041714556,5.166527032852173
220,220,0.0050901885009008154,5.004572868347168
220,230,0.0060659335251674815,5.034146070480347
220,240,0.006208169278521306,5.0764548778533936
220,250,0.0029155970869034404,5.028630971908569
220,260,0.0038194400588875566,5.078789949417114
220,270,0.00296440767187345,5.070137977600098
220,280,0.00510963418122628,5.07714319229126
220,290,0.005808419492959388,5.305011034011841
220,300,0.020115690336190522,5.114362955093384
220,310,0.0024489766741741617,5.098367929458618
220,320,0.010017866442356296,5.145156145095825
220,330,0.0019953049153297073,5.144101142883301
220,340,0.006242307728459772,5.088472127914429
220,350,0.010335474206221863,5.095041751861572
220,360,0.0032989969430619382,5.125533103942871
220,370,0.0034414731323777785,5.228503704071045
220,380,0.00713147075561422,5.412677049636841
220,390,0.004286617129046484,5.237461090087891
240,10,0.3202693262181261,5.41190505027771
240,20,0.012591999887598562,5.3826820850372314
240,30,0.005687928945889107,5.186475992202759
240,40,0.013498103739098826,5.197623014450073
240,50,0.002672729192880468,5.20620322227478
240,60,0.024822305753223868,5.164889097213745
240,70,0.0052554459188511775,5.150659084320068
240,80,0.02989950321457506,5.109107971191406
240,90,0.0061598361154746204,5.147324323654175
240,100,0.012920510188609537,5.211489200592041
240,110,0.004463202228685184,5.21658182144165
240,120,0.005806550461779185,5.202013731002808
240,130,0.01014349913146335,5.231608152389526
240,140,0.008574163533726961,5.223700046539307
240,150,0.028868905418695415,5.231391906738281
240,160,0.004158759200936591,5.291713714599609
240,170,0.016221312866356568,5.224568128585815
240,180,0.003496811797289594,5.381293058395386
240,190,0.01974330306297482,5.270664930343628
240,200,0.003440647763502659,5.29167103767395
240,210,0.006336541224998493,5.342426061630249
240,220,0.0023288023752035857,5.309905052185059
240,230,0.00282130495493896,5.330283164978027
240,240,0.006074061799999105,5.171771287918091
240,250,0.023590339774961864,5.298790216445923
240,260,0.003314034744687587,5.23538875579834
240,270,0.021297795724417697,5.229015111923218
240,280,0.0015522548899257543,5.268374919891357
240,290,0.030448861263990837,5.274289846420288
240,300,0.00787688092280413,5.266789197921753
240,310,0.005212131286773795,5.268199920654297
240,320,0.004662354590104876,5.264697790145874
240,330,0.0033664640584084127,5.338848829269409
240,340,0.001765435079215013,5.284388780593872
240,350,0.0018615039700774908,5.291482210159302
240,360,0.0024407436263890886,5.266822099685669
240,370,0.014798753503346276,5.243567228317261
240,380,0.00711705892241032,5.398179769515991
240,390,0.021488524329707347,5.298208713531494
260,10,13.275895239736318,5.191196918487549
260,20,0.016000939876348434,5.246678829193115
260,30,0.015532304219779473,5.20623517036438
260,40,0.004405220296561169,5.2913079261779785
260,50,0.010274637140445905,5.210455656051636
260,60,0.022142149828665175,5.203157901763916
260,70,0.006954249583473865,5.243546962738037
260,80,0.0032250436363833366,5.342538595199585
260,90,0.004230895942524936,5.261540174484253
260,100,0.015014822212593804,5.185707092285156
260,110,0.01147112297096939,5.303025960922241
260,120,0.003599925166327507,5.391704082489014
260,130,0.0020980523254760476,5.216247797012329
260,140,0.006387493959190616,5.2146172523498535
260,150,0.005409539778607539,5.331135988235474
260,160,0.017742434825361364,5.192826986312866
260,170,0.004526523026540134,5.2082679271698
260,180,0.0014334702877790916,5.238563060760498
260,190,0.007348012689984762,5.2265050411224365
260,200,0.0033264210155390145,5.203531980514526
260,210,0.009995233322769031,5.254961967468262
260,220,0.007744929635164573,5.264486789703369
260,230,0.0036006962937883157,5.271825790405273
260,240,0.0039365449910466425,5.3345301151275635
260,250,0.003180808751653955,5.247920989990234
260,260,0.006157454172833657,5.270660877227783
260,270,0.003459415324973807,5.290385723114014
260,280,0.017469593213380208,5.363363027572632
260,290,0.005521291915181473,5.333971977233887
260,300,0.0027105444927941215,5.3647119998931885
260,310,0.009697528522515134,5.419592380523682
260,320,0.005122917056304675,5.379960060119629
260,330,0.0047928313691973645,5.365192174911499
260,340,0.003897022865135135,5.351866722106934
260,350,0.002301419919450792,5.37060284614563
260,360,0.002679888433771447,5.456593036651611
260,370,0.017540187237812917,5.492182970046997
260,380,0.07394235893860916,5.461901664733887
260,390,0.0023789863957310773,5.424118757247925
280,10,0.31541322481058554,5.199754953384399
280,20,0.010454754878715198,5.126384735107422
280,30,0.005801246269760181,5.155123949050903
280,40,0.018324294259999797,5.187438249588013
280,50,0.004447368649392102,5.246469020843506
280,60,0.015771872700801187,5.20693039894104
280,70,0.006305873759935827,5.121444940567017
280,80,0.002068795325061451,5.145279169082642
280,90,0.0053636441056097595,5.174206972122192
280,100,0.006632007451620504,5.209979057312012
280,110,0.01719418257630329,5.3674468994140625
280,120,0.005220834578789876,5.201239109039307
280,130,0.003917348371093914,5.210035800933838
280,140,0.004775732143136605,5.222048997879028
280,150,0.010514009712270084,5.23750901222229
280,160,0.0011354591984734988,5.304150104522705
280,170,0.004417005767358429,5.268157958984375
280,180,0.005001642407886757,5.267784357070923
280,190,0.005639842050196066,5.2471208572387695
280,200,0.005416209601820173,5.271514892578125
280,210,0.002424139198091669,5.249311208724976
280,220,0.0031430761617092123,5.289938926696777
280,230,0.006330347960454001,5.234673976898193
280,240,0.00517000025473313,5.267140865325928
280,250,0.005427062915797077,5.233114719390869
280,260,0.00668446906504044,5.285703897476196
280,270,0.001678015955674467,5.297796964645386
280,280,0.003187715050134905,5.326174259185791
280,290,0.0024227977347445412,5.300118923187256
280,300,0.005425290968306228,5.288210868835449
280,310,0.005243895599638345,5.313182830810547
280,320,0.0058822661721518454,5.304508924484253
280,330,0.0036351470068140775,5.3556060791015625
280,340,0.006826706424155188,5.331178188323975
280,350,0.0020157931376486326,5.481198072433472
280,360,0.006809907077570297,5.347722053527832
280,370,0.005719855849663366,5.337709188461304
280,380,0.0018613537948446264,5.345185995101929
280,390,0.009614770378960899,5.373534917831421
300,10,0.03357458835637359,5.275798082351685
300,20,0.014193986427826221,5.254285097122192
300,30,0.0021728556234403918,5.286397933959961
300,40,0.007134431642005595,5.245842933654785
300,50,0.0035077625132117142,5.303309917449951
300,60,0.012300609692607328,5.343398094177246
300,70,0.0041542742817779026,5.34972620010376
300,80,0.009439863579932048,5.345165967941284
300,90,0.010065640656009886,5.404305934906006
300,100,0.015443659921342829,5.38990592956543
300,110,0.011974759908549746,5.436161994934082
300,120,0.0017487443663757908,5.4819817543029785
300,130,0.009220243050982449,5.40643835067749
300,140,0.005819365115540036,5.386433839797974
300,150,0.007107592815954223,5.403842210769653
300,160,0.0048227909688501516,5.416154861450195
300,170,0.005162592604143743,5.432594060897827
300,180,0.00807431306524572,5.3904709815979
300,190,0.00585603021667541,5.388508319854736
300,200,0.007108187389995428,5.440691947937012
300,210,0.002731004819967572,5.374993085861206
300,220,0.014399193444241598,5.497218132019043
300,230,0.004380293590129886,5.4353718757629395
300,240,0.0028645708763786796,5.4382429122924805
300,250,0.010206431217380203,5.584537029266357
300,260,0.002883002701359039,5.5630669593811035
300,270,0.004339046101594136,5.526242971420288
300,280,0.0064357625470579565,5.4409825801849365
300,290,0.007990267337783795,5.410346031188965
300,300,0.0025608064627626512,5.4699931144714355
300,310,0.015391920527938368,5.4841530323028564
300,320,0.003343553221608606,5.646261930465698
300,330,0.004966326565434462,5.658959865570068
300,340,0.0010841672493904057,5.6790337562561035
300,350,0.004551987343309629,5.56023097038269
300,360,0.006156480889680741,5.5763208866119385
300,370,0.006332416761228516,5.521881103515625
300,380,0.004183076240719223,5.569461107254028
300,390,0.0017182900752093474,5.5523130893707275
320,10,0.3719108386574653,5.34870982170105
320,20,0.01084069436169439,5.262392044067383
320,30,0.0037495698788738226,5.3778979778289795
320,40,0.004874070290574258,5.3908140659332275
320,50,0.016240236534906517,5.436740875244141
320,60,0.006872753201571848,5.35273003578186
320,70,0.01621373413876966,5.5037150382995605
320,80,0.008058358523700083,5.235903978347778
320,90,0.005626835228386515,5.295115947723389
320,100,0.008498002576303957,5.343286752700806
320,110,0.0022685274972147353,5.29987096786499
320,120,0.007411752501256366,5.2608559131622314
320,130,0.010987547798288604,5.26292610168457
320,140,0.002772877807417835,5.340885877609253
320,150,0.006016107872450144,5.312394142150879
320,160,0.005539143200167472,5.317957162857056
320,170,0.011989924899990859,5.368659973144531
320,180,0.00877077190826717,5.348333120346069
320,190,0.013201656189934411,5.356634140014648
320,200,0.00436218999639483,5.336659908294678
320,210,0.003567423802953195,5.370044946670532
320,220,0.003410091107440239,5.402327060699463
320,230,0.005170464555123555,5.490686893463135
320,240,0.0040753752332728585,5.427357196807861
320,250,0.002564323245231115,5.574294090270996
320,260,0.006671026175426082,5.472349166870117
320,270,0.009512204897836097,5.636221885681152
320,280,0.004587674016253362,5.555342197418213
320,290,0.01255393787464462,5.475332975387573
320,300,0.005165111194480982,5.668857097625732
320,310,0.0026947019272330086,5.544265270233154
320,320,0.00884096629991534,5.519715785980225
320,330,0.0014889567422060096,5.6593310832977295
320,340,0.011070382709768511,5.511440277099609
320,350,0.010134306503524882,5.54432487487793
320,360,0.016730808524570404,5.527276992797852
320,370,0.001394257500672535,5.767023801803589
320,380,0.0022920482692632034,5.532366991043091
320,390,0.018040323875893053,5.6081860065460205
340,10,1.026854815549479,5.469120025634766
340,20,0.010111160537765188,5.47698187828064
340,30,0.008209172757167498,5.50510311126709
340,40,0.018284453926283604,5.496156215667725
340,50,0.0026108126616524946,5.426464080810547
340,60,0.01275403488934724,5.495375871658325
340,70,0.0043750052187316955,5.4301722049713135
340,80,0.004733889105052079,5.46121883392334
340,90,0.00601930999637612,5.649619102478027
340,100,0.05385624820930087,5.5184478759765625
340,110,0.004795377694360853,5.496740818023682
340,120,0.007003225792426679,5.74942684173584
340,130,0.005547087483154209,5.6716530323028564
340,140,0.0017402892165989208,5.605834007263184
340,150,0.008342543769316407,5.658575057983398
340,160,0.004785552949984597,5.527968168258667
340,170,0.02002625303829412,5.496239900588989
340,180,0.0029038909224710367,5.5742480754852295
340,190,0.0215700496669855,5.5296220779418945
340,200,0.0011722296544460318,5.63887619972229
340,210,0.005703919465221662,5.633998155593872
340,220,0.004249120048063639,5.524056911468506
340,230,0.006135099348201185,5.559932231903076
340,240,0.008142332889322713,5.5820982456207275
340,250,0.011145027344768474,5.602829933166504
340,260,0.0037976700963416776,5.5942442417144775
340,270,0.005572104662168459,5.621097087860107
340,280,0.011835749521007093,5.596827983856201
340,290,0.0058950007016579835,5.626073837280273
340,300,0.0027030581325346937,5.765512943267822
340,310,0.0038660939798421112,5.681168794631958
340,320,0.0029431606109277097,5.661106824874878
340,330,0.005610404074567663,5.648167133331299
340,340,0.02166406955623603,5.626428127288818
340,350,0.005221523530845997,5.6246161460876465
340,360,0.03559808045134259,5.651715040206909
340,370,0.0037039108315161835,5.643719911575317
340,380,0.0053458647180794315,5.6280128955841064
340,390,0.004803608940795298,5.661201238632202
360,10,0.4228125091065993,5.417880058288574
360,20,0.006846368915699095,5.484852313995361
360,30,0.01213244541887936,5.427022695541382
360,40,0.007713413715488903,5.431574106216431
360,50,0.008044812769904184,5.434042692184448
360,60,0.003500713021549181,5.42802095413208
360,70,0.00571391504010022,5.451698064804077
360,80,0.00799450272173939,5.439713001251221
360,90,0.002646855691056305,5.471550941467285
360,100,0.010018013736037154,5.4806272983551025
360,110,0.01697648196240807,5.459578037261963
360,120,0.05995820063000283,5.48297119140625
360,130,0.004187216162701805,5.515504837036133
360,140,0.0019712622531920625,5.490247964859009
360,150,0.006336229313846359,5.568665266036987
360,160,0.008710170968422198,5.492078065872192
360,170,0.003452945078767133,5.534466028213501
360,180,0.019813029580620513,5.526325941085815
360,190,0.01956864738480988,5.52040696144104
360,200,0.00565604980058108,5.541351079940796
360,210,0.003415104452533649,5.535531997680664
360,220,0.005398076830624651,5.534273147583008
360,230,0.004984655812480655,5.535613298416138
360,240,0.008276390292777814,5.659275054931641
360,250,0.00935786886739958,5.551146984100342
360,260,0.006672650434271082,5.575218915939331
360,270,0.013805241941845126,5.564972162246704
360,280,0.004478838473286316,5.5449700355529785
360,290,0.011323611031580996,5.601319789886475
360,300,0.008320804352189282,5.572765111923218
360,310,0.004795748039749126,5.603917121887207
360,320,0.007455638860576284,5.622565031051636
360,330,0.00414246159083489,5.611363887786865
360,340,0.004163638062823518,5.744174003601074
360,350,0.004087072506002378,5.616688251495361
360,360,0.00543984815659898,5.692300081253052
360,370,0.02022981837146215,5.819095134735107
360,380,0.01043340231881023,5.770889043807983
360,390,0.012690822783960968,5.6229259967803955
380,10,0.38872276228333486,5.928360939025879
380,20,0.011865240559814711,5.582512855529785
380,30,0.0053248616466062305,5.680871248245239
380,40,0.0030121872573006534,5.532121896743774
380,50,0.0035660989093557567,5.557013034820557
380,60,0.00522799592890612,5.5334978103637695
380,70,0.00644367722454749,5.553443670272827
380,80,0.007044261952813746,5.554219961166382
380,90,0.011166542963127257,5.697936058044434
380,100,0.009473990986513817,5.602150201797485
380,110,0.004620588058565523,5.629890203475952
380,120,0.022301642150076965,5.531718730926514
380,130,0.005754268529049879,5.585806131362915
380,140,0.007372649919648069,5.846181869506836
380,150,0.0034433567179732684,5.635401010513306
380,160,0.012192402843323518,5.643063068389893
380,170,0.00462525412463535,5.644191026687622
380,180,0.006515989559580763,5.686172962188721
380,190,0.01185774037700988,5.728552341461182
380,200,0.004099638612576362,5.6616950035095215
380,210,0.002663826625680478,5.709399938583374
380,220,0.002626093371724,5.684285879135132
380,230,0.0018911850981539484,5.842779874801636
380,240,0.00534137291981662,5.685712099075317
380,250,0.004076189237221543,5.768558740615845
380,260,0.0021640210173442176,5.734127759933472
380,270,0.00462363293516497,5.74961519241333
380,280,0.00906505909161411,5.730394124984741
380,290,0.014236429368462618,5.683364152908325
380,300,0.006488824960245938,5.816555976867676
380,310,0.005775624074950491,5.790226936340332
380,320,0.022314871166500914,5.740230083465576
380,330,0.008099025647831546,5.908793926239014
380,340,0.003593841351805055,5.8991899490356445
380,350,0.004084117584156658,5.805047988891602
380,360,0.0021823025000648993,5.98640513420105
380,370,0.017423874622814337,5.801796197891235
380,380,0.01310108805629553,5.889710903167725
380,390,0.004339557076329193,5.785816192626953
400,10,0.4960678757623198,5.848540782928467
400,20,0.016461579833796,5.834853172302246
400,30,0.008135224615961733,5.800604820251465
400,40,0.010214273126338285,5.740707874298096
400,50,0.013781562337499952,5.806717157363892
400,60,0.014904076412514974,5.92674994468689
400,70,0.01221159858142708,5.726166009902954
400,80,0.001983485335252371,5.92059326171875
400,90,0.00362759142259704,5.979478120803833
400,100,0.0030920082140603374,5.747921943664551
400,110,0.003513888917744022,5.716871738433838
400,120,0.008208022966337429,5.7796831130981445
400,130,0.004044623361958186,5.8698859214782715
400,140,0.017296115640587327,5.8132288455963135
400,150,0.008636026578126534,5.782462120056152
400,160,0.018692034355876633,5.83879017829895
400,170,0.004124684392219152,5.81287693977356
400,180,0.017353667696318752,5.81311297416687
400,190,0.008448888859000242,5.758837938308716
400,200,0.01894323182411975,5.801168918609619
400,210,0.004893782430496345,5.826478004455566
400,220,0.006379655149992488,5.901067018508911
400,230,0.005727673413350096,5.786060094833374
400,240,0.004982766571508546,5.824850082397461
400,250,0.008305521001413586,5.808162212371826
400,260,0.04456245418541116,5.896849155426025
400,270,0.004879740696755922,5.865856170654297
400,280,0.001784075354840701,5.813796758651733
400,290,0.013846403974817983,5.905848979949951
400,300,0.00971475928390529,5.897735834121704
400,310,0.004403989852771675,5.853111028671265
400,320,0.007267229476311303,5.875638961791992
400,330,0.005038518775409565,5.933799982070923
400,340,0.0015583583266850685,5.935266971588135
400,350,0.002230966999651084,5.93058705329895
400,360,0.00402878781461311,5.873323917388916
400,370,0.018595865329823887,6.02072811126709
400,380,0.00683252894819186,5.877945184707642
400,390,0.0032944200748616973,5.967154026031494
420,10,0.37035048631141765,5.670587778091431
420,20,0.018865833071108038,5.675133943557739
420,30,0.006876758006922297,5.637897968292236
420,40,0.0024808566434968054,5.690199851989746
420,50,0.007187461218170384,5.643986225128174
420,60,0.004002836461166026,5.8133628368377686
420,70,0.01177616545166925,5.707778215408325
420,80,0.006201388279903841,5.713335037231445
420,90,0.004648551835939118,5.735396146774292
420,100,0.0011302353521544025,5.681236028671265
420,110,0.00544616515420315,5.731267213821411
420,120,0.0037221307814343327,5.711065769195557
420,130,0.0038472140768058905,5.88772988319397
420,140,0.002256634286772362,5.911587953567505
420,150,0.016929874824168717,5.833965063095093
420,160,0.0049429066650413704,5.723839044570923
420,170,0.003319837855199743,5.873915195465088
420,180,0.018483425410193415,5.935064077377319
420,190,0.005032423059098567,5.8521997928619385
420,200,0.008974188580719605,5.878921985626221
420,210,0.008275304629884586,5.767620086669922
420,220,0.016930108994067616,5.82996678352356
420,230,0.005012381824561165,5.816272020339966
420,240,0.003166729553498018,5.898427963256836
420,250,0.005618866448108034,5.846333980560303
420,260,0.026207492546265546,5.869397401809692
420,270,0.0072923282360383606,5.84687614440918
420,280,0.0034483363266353878,5.936700344085693
420,290,0.0052659943641821996,5.9022979736328125
420,300,0.003578220352996356,5.848758935928345
420,310,0.005111327598135614,5.995955944061279
420,320,0.0186047769352701,6.068921089172363
420,330,0.002236619280305791,6.005290985107422
420,340,0.027710054055879164,6.016205072402954
420,350,0.002341557832533961,5.982960939407349
420,360,0.0031925500562769026,6.042006969451904
420,370,0.002655427760832409,6.011542081832886
420,380,0.007776272992240833,6.130046129226685
420,390,0.011468861960047084,5.944944858551025
440,10,5.056857763311858,5.712870836257935
440,20,0.0062321157629390425,5.730717897415161
440,30,0.016358771844204135,5.688442707061768
440,40,0.005177794799302215,5.801328897476196
440,50,0.004160721903387432,5.735496997833252
440,60,0.010380348294538214,5.855120897293091
440,70,0.003731272427236761,5.758671998977661
440,80,0.0025529637354250482,5.896254062652588
440,90,0.004495581873546766,5.709459066390991
440,100,0.00938182536322336,5.785885810852051
440,110,0.0025138150126450525,5.968016862869263
440,120,0.0034511896688552896,5.878998041152954
440,130,0.0020959196116900826,5.93654990196228
440,140,0.009219492919061654,5.8548219203948975
440,150,0.0050560882977350955,6.143295049667358
440,160,0.005045821460463568,5.843548059463501
440,170,0.045886317426107534,5.866979122161865
440,180,0.003095075397832634,5.786760091781616
440,190,0.005377815722702244,5.792109966278076
440,200,0.0017530526530868265,5.847341060638428
440,210,0.005369449908996919,5.786887168884277
440,220,0.019084544801613177,5.825093030929565
440,230,0.0037464841869757734,5.77640700340271
440,240,0.00850879373638372,5.858000993728638
440,250,0.006662058583016195,5.832018136978149
440,260,0.011661049253201735,5.816169023513794
440,270,0.030581577453621254,5.831864833831787
440,280,0.014700723756690416,5.841587066650391
440,290,0.0076085168692566225,5.846524000167847
440,300,0.004512761477527106,5.90493106842041
440,310,0.006249652379757457,5.837830066680908
440,320,0.006713942089237255,5.948284149169922
440,330,0.004947115934031972,5.9270830154418945
440,340,0.0037999279556577784,5.929348945617676
440,350,0.00459442382265157,5.855327844619751
440,360,0.011054012027346235,5.828715801239014
440,370,0.0040248925991362835,5.887960910797119
440,380,0.005737539176781434,5.940640926361084
440,390,0.00877627077908619,5.895317077636719
460,10,0.43643720849149303,6.592641115188599
460,20,0.009413361376130018,6.623035907745361
460,30,0.003865662249049073,6.639908075332642
460,40,0.006429383856811518,6.802124977111816
460,50,0.0023322233340742913,6.821548938751221
460,60,0.005502446261462725,6.724430084228516
460,70,0.0022072448623763332,6.7359232902526855
460,80,0.0055797557241869765,6.755434036254883
460,90,0.004970893619818241,6.746258974075317
460,100,0.006841471939068447,6.708734035491943
460,110,0.010062611019579781,6.737730026245117
460,120,0.00429268475485467,6.866274833679199
460,130,0.00279910170512473,6.944732904434204
460,140,0.014174689726945923,6.768009901046753
460,150,0.005253163541270959,6.752316951751709
460,160,0.00810370516596568,6.831389904022217
460,170,0.010293691739907903,6.797870874404907
460,180,0.00511110003517884,6.89863395690918
460,190,0.003396940779723863,6.808618068695068
460,200,0.006553211430136287,6.8449928760528564
460,210,0.006117138707100419,6.827910900115967
460,220,0.0035900960077668315,7.0310587882995605
460,230,0.00868151930522402,6.851261138916016
460,240,0.008310304437071392,6.830038785934448
460,250,0.0017644567549026712,7.005888938903809
460,260,0.005362207100944421,6.908504009246826
460,270,0.014061476599968214,6.889760971069336
460,280,0.004531151402579707,6.949424982070923
460,290,0.0024526284404925458,7.0053088665008545
460,300,0.004161332319372463,7.217783212661743
460,310,0.004455359943166563,7.20153284072876
460,320,0.004155843696536924,6.886254072189331
460,330,0.00744813071338298,6.809485912322998
460,340,0.007077006363610676,7.060952186584473
460,350,0.005882550629395806,7.324418067932129
460,360,0.00976585930115736,7.216362953186035
460,370,0.008224219773475367,7.367390871047974
460,380,0.0059192731461144,7.279857873916626
460,390,0.01292582970533984,7.106778144836426
480,10,1.8220749224726867,6.78868293762207
480,20,0.019675990767241486,7.2133729457855225
480,30,0.003212881397435719,6.969238042831421
480,40,0.0035954047179962314,6.8817830085754395
480,50,0.0022658644956080236,6.811862945556641
480,60,0.0035808977553250217,6.801272869110107
480,70,0.009788144948834883,6.879838228225708
480,80,0.008089872831791465,6.803674936294556
480,90,0.003732794092222795,6.8863301277160645
480,100,0.005130795025713854,6.855763912200928
480,110,0.005018355131401962,7.180253028869629
480,120,0.0035100090013769503,6.7674400806427
480,130,0.0018220840317897534,6.754493236541748
480,140,0.0035985384549308535,6.846636056900024
480,150,0.016101418625082135,6.7726569175720215
480,160,0.0035747546551296444,6.913913011550903
480,170,0.004069626993866377,6.8054797649383545
480,180,0.015574775068672296,6.848306179046631
480,190,0.009285061151988846,7.281796932220459
480,200,0.005352930652441506,7.123363018035889
480,210,0.0038999565935983675,6.927047252655029
480,220,0.005099094902808037,7.023535966873169
480,230,0.0071933412018848454,6.878870964050293
480,240,0.005242059448822683,7.017580032348633
480,250,0.0031386664471884144,7.018990993499756
480,260,0.009524222851964975,7.057169198989868
480,270,0.009028719202908988,7.607149839401245
480,280,0.002703171667595938,7.315898180007935
480,290,0.003158892703029788,7.297724008560181
480,300,0.02095818108901763,7.329611778259277
480,310,0.004186952180293109,7.0933918952941895
480,320,0.004166590405443206,7.113616943359375
480,330,0.009815827102297671,7.17611289024353
480,340,0.0036036320246557083,7.565290927886963
480,350,0.004194946478014057,7.285661935806274
480,360,0.004919139426438217,7.399719953536987
480,370,0.007203611099019376,7.131278038024902
480,380,0.011449723290824347,7.107261896133423
480,390,0.00524501971706994,7.279425144195557
500,10,0.30709613638103517,7.122265100479126
500,20,0.003950956411822656,7.3909430503845215
500,30,0.00897527817949089,7.402094125747681
500,40,0.005243720675038932,7.300287961959839
500,50,0.00930583409968412,7.309633731842041
500,60,0.007727582653613053,7.411786079406738
500,70,0.005029120877943764,7.2696309089660645
500,80,0.003265151528355689,7.161872148513794
500,90,0.005829693998593108,7.142832040786743
500,100,0.012033671525441807,7.532238960266113
500,110,0.007746816628797994,7.407117128372192
500,120,0.006950295688179081,7.618362188339233
500,130,0.010619629688493268,7.5706939697265625
500,140,0.011568711671596859,7.312005043029785
500,150,0.0021088561143287115,7.186615943908691
500,160,0.0043123495121007325,7.551837921142578
500,170,0.0026405983795800415,7.219151973724365
500,180,0.00685265565576473,7.270558834075928
500,190,0.0036387122869591154,7.230304956436157
500,200,0.12254728318218668,7.38118577003479
500,210,0.0026926223901952554,7.10978889465332
500,220,0.0037187643248190873,7.150541067123413
500,230,0.003466689521807742,7.270182132720947
500,240,0.001935045954653963,7.466650724411011
500,250,0.0020047986036079123,7.413450002670288
500,260,0.004570641415305407,7.44711971282959
500,270,0.009145299372419353,7.417432069778442
500,280,0.0027902026545789885,7.307712078094482
500,290,0.004418452913987149,7.315274000167847
500,300,0.00772523356020111,7.567448139190674
500,310,0.004921259407792115,7.759676218032837
500,320,0.014827179374926473,7.303030967712402
500,330,0.004413890098521861,7.209729909896851
500,340,0.006092439508930805,7.417074918746948
500,350,0.19357796761412238,7.710389852523804
500,360,0.005545332463044279,7.6412200927734375
500,370,0.0037445223051482857,7.479044198989868
500,380,0.010397435591802263,7.502882719039917
500,390,0.00300377767761057,7.551750183105469
520,10,1.0903131620765956,7.052595138549805
520,20,0.009997529525633105,7.156235933303833
520,30,0.004984517066592379,7.341371297836304
520,40,0.005965084109138607,7.099685192108154
520,50,0.006733086560217302,7.106080770492554
520,60,0.0012269887770151207,7.073802947998047
520,70,0.004738616777845734,6.9975690841674805
520,80,0.003950141597084192,6.9613659381866455
520,90,0.010162837882450136,7.017973184585571
520,100,0.006414626714553653,7.053063869476318
520,110,0.01756974816694126,7.008414030075073
520,120,0.00953109932091028,6.981879949569702
520,130,0.032637048521904806,7.0169689655303955
520,140,0.007300964397297807,7.0316808223724365
520,150,0.0039029932580508715,6.990952968597412
520,160,0.0033655927301002577,7.09215784072876
520,170,0.004242096704323879,7.073781967163086
520,180,0.005378869778909995,7.027417898178101
520,190,0.0027501606138417406,7.017580032348633
520,200,0.0030389577359488614,7.119081974029541
520,210,0.006710249004821619,7.127772808074951
520,220,0.004455892357958496,7.103269100189209
520,230,0.005184080419876376,7.027190923690796
520,240,0.004831067306576118,7.02671217918396
520,250,0.0030325069993288475,7.180922746658325
520,260,0.004434436371298963,7.158330917358398
520,270,0.002982469461114939,7.069101095199585
520,280,0.0037918212951531982,7.249313116073608
520,290,0.0046165572600661035,7.183915853500366
520,300,0.004657673743357862,7.095036745071411
520,310,0.004996486977576799,7.229903936386108
520,320,0.0063505139540556005,7.1184821128845215
520,330,0.01916619858807788,7.1837828159332275
520,340,0.003289230551029246,7.198256015777588
520,350,0.005393421617575532,7.1599249839782715
520,360,0.012732488075380877,7.1091628074646
520,370,0.00797229387048648,7.307857036590576
520,380,0.006915465922373373,7.227002859115601
520,390,0.002586956047195465,7.2430620193481445
540,10,0.15704351987363147,7.105988025665283
540,20,0.023786665844803476,7.149784088134766
540,30,0.006078916376122813,7.1240949630737305
540,40,0.029361111186554507,7.129160165786743
540,50,0.004266305479095382,7.125772953033447
540,60,0.008130241015780292,7.227546691894531
540,70,0.002986807767295541,7.012679815292358
540,80,0.0065660787385873375,7.128300189971924
540,90,0.0043633488241216125,7.09895133972168
540,100,0.02506249296271748,7.282247066497803
540,110,0.00449192543930919,7.106241941452026
540,120,0.00557535097604652,7.340388774871826
540,130,0.01207334292388976,7.440291166305542
540,140,0.002622338650488133,7.284998893737793
540,150,0.006340855705235148,7.336793899536133
540,160,0.02840995403932917,7.366515874862671
540,170,0.006886482066628041,7.3776280879974365
540,180,0.01707088541492062,7.259949207305908
540,190,0.0034213008920612326,7.310391902923584
540,200,0.008887337929569545,7.398403882980347
540,210,0.0010004884037450737,7.358456134796143
540,220,0.00468901762828218,7.226253032684326
540,230,0.0037767798490176475,7.345476865768433
540,240,0.0041213680637905755,7.625553846359253
540,250,0.00298184637481279,8.082001209259033
540,260,0.009400134164882756,8.324384212493896
540,270,0.006503432852587867,7.400539875030518
540,280,0.0025342105890812736,7.776991128921509
540,290,0.005180616089321614,7.749574899673462
540,300,0.012487490842113811,7.7989630699157715
540,310,0.005175051182868196,7.701249122619629
540,320,0.0038985302100609837,7.678704738616943
540,330,0.0014629148610128724,7.68410587310791
540,340,0.009377180131600658,7.448627948760986
540,350,0.0038621645655075396,7.547294855117798
540,360,0.0025227222271736152,7.8351662158966064
540,370,0.013639359991918707,7.6079020500183105
540,380,0.010514990254531457,7.8281049728393555
540,390,0.0054757487032028335,8.036811828613281
560,10,0.29374016273279313,7.717928886413574
560,20,0.00503498019561565,7.4970362186431885
560,30,0.009389809285363366,7.6644721031188965
560,40,0.012035666586330101,7.7763590812683105
560,50,0.005555076133040549,7.836154937744141
560,60,0.0057750079367905735,7.565692901611328
560,70,0.014034213465404122,7.231159687042236
560,80,0.0067638319114186945,7.1387670040130615
560,90,0.003399667488973002,7.238822937011719
560,100,0.013071487317130504,7.153853893280029
560,110,0.005034775495626415,7.200926065444946
560,120,0.006080749565269951,7.1947619915008545
560,130,0.004478954925524473,7.2817559242248535
560,140,0.005859486672830245,7.329818248748779
560,150,0.01109222443099878,7.55547308921814
560,160,0.005406600502555163,7.51274299621582
560,170,0.007685649719295557,7.502764701843262
560,180,0.010032726523761375,7.232664108276367
560,190,0.003811835914423819,7.2410290241241455
560,200,0.005168611477868665,7.3360888957977295
560,210,0.0034405717760801913,7.3412699699401855
560,220,0.005426069947240215,7.38710618019104
560,230,0.0019076692196575557,7.420243740081787
560,240,0.0030578247326416325,7.1551291942596436
560,250,0.009035880274086805,7.647642135620117
560,260,0.006928911337267572,7.706827878952026
560,270,0.005960443141582696,7.7459046840667725
560,280,0.004490552446391858,7.628539323806763
560,290,0.034657846863269524,7.647301197052002
560,300,0.009172049642570342,7.7642128467559814
560,310,0.01313190546928255,7.581999063491821
560,320,0.005461638808786104,7.465784788131714
560,330,0.006342563289733628,7.6422810554504395
560,340,0.0033020677884485457,7.438556909561157
560,350,0.005082437590741076,7.613664150238037
560,360,0.005218215907026589,7.554149866104126
560,370,0.01219660540085344,7.391440153121948
560,380,0.005990566335836157,7.524488925933838
560,390,0.007942993040152222,7.552322864532471
580,10,2.132462529907257,7.6561291217803955
580,20,0.007499864732364725,7.473910093307495
580,30,0.005752276435595871,7.355277061462402
580,40,0.004192523005664536,7.399585962295532
580,50,0.0043836494444518025,7.341821193695068
580,60,0.004131321971634129,7.3743579387664795
580,70,0.00257602867753904,7.414594888687134
580,80,0.00418055020300673,7.546108961105347
580,90,0.0067510887266385355,7.459491729736328
580,100,0.004942814122496896,7.65038800239563
580,110,0.004747513745652092,7.507182836532593
580,120,0.0040767822417361686,7.481220722198486
580,130,0.008032659057953827,7.401819229125977
580,140,0.005513008926125924,7.545159101486206
580,150,0.003591587373548574,7.626560926437378
580,160,0.004660356947437245,7.5559327602386475
580,170,0.012664462170234226,7.585309028625488
580,180,0.0033096930991914947,7.645510911941528
580,190,0.00595452210801239,7.641733169555664
580,200,0.004182079777932077,7.54079794883728
580,210,0.009878346060708745,7.549742937088013
580,220,0.011024224221920736,7.81976318359375
580,230,0.0036356231832850292,8.380178928375244
580,240,0.004365563415046652,7.727860927581787
580,250,0.0065340975078125385,7.4807679653167725
580,260,0.002772142394309912,7.655000925064087
580,270,0.005811590433317832,7.634554862976074
580,280,0.002967669035523174,7.6068878173828125
580,290,0.010465182483675797,7.670623064041138
580,300,0.006364680659179834,7.717031955718994
580,310,0.014414068976786158,7.635889768600464
580,320,0.0035659134814418456,7.547172784805298
580,330,0.004122318541200184,7.623895883560181
580,340,0.0032056273166707165,7.769362211227417
580,350,0.020116187445060888,7.690396070480347
580,360,0.0028485993915562786,7.616153001785278
580,370,0.004780048577556513,7.689062118530273
580,380,0.011620486417268669,7.927972078323364
580,390,0.004348607073154054,7.842077016830444
600,10,1.1145070921833666,7.636011123657227
600,20,0.001628345222139781,7.347764015197754
600,30,0.01469386285861728,7.567769765853882
600,40,0.020220762874941425,7.405948877334595
600,50,0.015516788434017914,7.279733896255493
600,60,0.00545358996713287,7.348731994628906
600,70,0.010775839737934547,7.461293935775757
600,80,0.004142027825474749,7.365142107009888
600,90,0.00789302933297566,7.360447883605957
600,100,0.004436706960236949,7.387264966964722
600,110,0.0030646429375407068,7.489991903305054
600,120,0.0040397348370746515,7.2598230838775635
600,130,0.00811601742884223,7.504563093185425
600,140,0.007405880611908975,7.412946939468384
600,150,0.007246351239904537,7.583416938781738
600,160,0.004234829571357465,7.474061012268066
600,170,0.007665180998827887,7.4741902351379395
600,180,0.0019942342378927694,7.3988728523254395
600,190,0.003870581515618843,7.415458917617798
600,200,0.00767839929343353,7.441874980926514
600,210,0.004491368698363416,7.546669006347656
600,220,0.00417502160657974,7.562582015991211
600,230,0.00332094527963482,7.5154218673706055
600,240,0.015344857203039488,7.503039121627808
600,250,0.003219816790648224,7.421257019042969
600,260,0.006380974489166876,7.528841018676758
600,270,0.0024915662423250877,7.580514669418335
600,280,0.15961021109965154,7.477170944213867
600,290,0.029821939992711675,7.636574029922485
600,300,0.008388596782315533,7.473646879196167
600,310,0.008383908621211023,7.443413972854614
600,320,0.010131833088317483,7.514531135559082
600,330,0.007858673639988531,7.473608016967773
600,340,0.0067296621793160654,7.576843976974487
600,350,0.003269158845833461,7.600125074386597
600,360,0.0036932819697817992,7.539432048797607
600,370,0.0021683951913993617,7.725476980209351
600,380,0.015217745484535297,7.682469129562378
600,390,0.006755786681804487,7.592194080352783
620,10,0.12259221573591206,7.471241235733032
620,20,0.011977826081745071,7.267975091934204
620,30,0.006393967655520164,7.29925012588501
620,40,0.004596723115800149,7.346938848495483
620,50,0.008838341896400629,7.384152889251709
620,60,0.005088233206141726,7.441501140594482
620,70,0.006433945231463416,7.494920015335083
620,80,0.002733339824913329,7.357568025588989
620,90,0.008878655343133148,7.389492034912109
620,100,0.013696123362666197,7.378220081329346
620,110,0.005172307905817976,7.408253908157349
620,120,0.011104361453275606,7.456264019012451
620,130,0.008652636825626994,7.433345079421997
620,140,0.004645273780629857,7.649160861968994
620,150,0.01833219457128999,7.361397981643677
620,160,0.007272649272838049,7.4860780239105225
620,170,0.003100547053030938,7.466536998748779
620,180,0.00851719621129839,7.43516993522644
620,190,0.003209757458085252,7.416419982910156
620,200,0.006949889263259027,7.515960931777954
620,210,0.004394808524144083,7.397903680801392
620,220,0.003164013031015306,7.505781888961792
620,230,0.005249327840780534,7.583383083343506
620,240,0.0026636303420306665,7.49396824836731
620,250,0.004787736013744234,7.393605947494507
620,260,0.0024504867111036113,7.458688020706177
620,270,0.006774881301963584,7.518364906311035
620,280,0.00551668340161582,7.524877071380615
620,290,0.0023025765902033287,7.478393793106079
620,300,0.0028273502653559162,7.5675950050354
620,310,0.0038308777287301317,7.4571592807769775
620,320,0.0029700787010432323,7.5248939990997314
620,330,0.02332006482672389,7.468652725219727
620,340,0.008467938551293143,7.495648145675659
620,350,0.006780989726794811,7.512605905532837
620,360,0.0068916210084814114,7.469495058059692
620,370,0.006660017348381194,7.5265491008758545
620,380,0.005175789817802893,7.550092697143555
620,390,0.00804916246849038,7.505688190460205
640,10,0.08951555820270676,7.548985242843628
640,20,0.011986767531255995,7.542140960693359
640,30,0.008779380195231619,7.4825921058654785
640,40,0.00971195638539635,7.71617317199707
640,50,0.010578511673128092,645.5179901123047
640,60,0.0011047880499102858,7.487391948699951
640,70,0.008247940364142652,7.524327993392944
640,80,0.00705450955478544,7.608258008956909
640,90,0.009957984566627172,7.520631790161133
640,100,0.0076986601542810805,7.558890104293823
640,110,0.003477258108151739,7.588201999664307
640,120,0.006994082450880169,7.381995677947998
640,130,0.006655036558484889,182.76025128364563
640,140,0.007626525073816289,7.6990392208099365
640,150,0.008781217743468918,7.90448784828186
640,160,0.009879128573353919,7.627246141433716
640,170,0.007308439908183728,7.686340093612671
640,180,0.029459644895212817,7.768579721450806
640,190,0.005100671191680835,7.663670063018799
640,200,0.00356337588386808,7.696986198425293
640,210,0.006848873595905153,7.798170804977417
640,220,0.004614238794312604,7.689107894897461
640,230,0.004957230321904943,7.809536933898926
640,240,0.04085545046215753,7.725975036621094
640,250,0.005426144404663189,7.887938022613525
640,260,0.001997111377288346,7.802123069763184
640,270,0.003674202391671767,7.774817705154419
640,280,0.007402417196018669,7.809538125991821
640,290,0.005643620627095143,7.74683690071106
640,300,0.003561878794930452,7.742217063903809
640,310,0.006915080259589024,7.769556045532227
640,320,0.001954960086079338,7.623271942138672
640,330,0.005328159588716999,7.828208923339844
640,340,0.005532042513264077,7.904190301895142
640,350,0.005450584950825893,7.88888692855835
640,360,0.003467400457126014,7.825485944747925
640,370,0.004762164543449985,7.772439002990723
640,380,0.00889686350454561,7.8698570728302
640,390,0.004479433885066322,7.759518146514893
660,10,0.24331924349874384,7.533241033554077
660,20,0.01192785368968626,7.602137088775635
660,30,0.008226967502978253,7.667798042297363
660,40,0.005835139744591001,7.576302766799927
660,50,0.019859241327529944,7.607170104980469
660,60,0.01789353893539074,7.575736045837402
660,70,0.0192909445937154,7.7151198387146
660,80,0.008768548191895258,7.553133726119995
660,90,0.004258473975149988,7.576862812042236
660,100,0.003088292147622053,7.667548179626465
660,110,0.007570154421394053,7.617551803588867
660,120,0.013380548574851377,7.648255109786987
660,130,0.010671430228191284,7.445825099945068
660,140,0.014100526049294728,7.599049806594849
660,150,0.003625575984691995,7.690177917480469
660,160,0.00462565463642175,7.612642049789429
660,170,0.005648724378147169,7.686411142349243
660,180,0.0044730215851952835,7.812194108963013
660,190,0.02332592482568621,7.641830205917358
660,200,0.015890773509528663,7.6757190227508545
660,210,0.003888128241536448,7.629682779312134
660,220,0.03630983027126278,7.80813193321228
660,230,0.06970174082838948,7.708440065383911
660,240,0.004666473402008248,7.663078784942627
660,250,0.0034149467771389026,7.66852879524231
660,260,0.002298900839407598,7.78026819229126
660,270,0.014751477225754353,7.719091176986694
660,280,0.007106130143103201,7.736588001251221
660,290,0.00758372020981427,7.756567001342773
660,300,0.011463532422686475,7.725573301315308
660,310,0.0024034500349251397,7.784036159515381
660,320,0.007416707782773942,7.8435211181640625
660,330,0.0030808845049701446,7.73845100402832
660,340,0.0055753846476902505,7.924851894378662
660,350,0.01026409728888553,7.750955104827881
660,360,0.004235132228311018,7.857691049575806
660,370,0.004635240062435775,7.739830017089844
660,380,0.0031911983831956975,7.738703012466431
660,390,0.003949956214949847,7.740344047546387
680,10,0.28354146898237975,7.834959030151367
680,20,0.0066309435308566774,7.725270986557007
680,30,0.012608810451203973,7.797392845153809
680,40,0.006661173535083284,7.921525001525879
680,50,0.002990741755308045,7.875641107559204
680,60,0.038754306006732395,7.860396862030029
680,70,0.006946871920016879,7.915676116943359
680,80,0.0020216848204354207,7.860397815704346
680,90,0.0029582035926306763,8.11350417137146
680,100,0.00809581377369073,7.785282850265503
680,110,0.003121289250590311,7.855216979980469
680,120,0.00576892877231874,7.926165819168091
680,130,0.006826519692629295,7.890517950057983
680,140,0.0037239695279753177,7.8964149951934814
680,150,0.002420116489211618,7.968047857284546
680,160,0.0022784840071445743,7.798131942749023
680,170,0.00654601896567582,7.844887018203735
680,180,0.0068148194506212735,7.866541862487793
680,190,0.0029862623944319506,7.945739984512329
680,200,0.005068597183089704,45.99303698539734
680,210,0.006898041572150197,7.875570774078369
680,220,0.006900667945056173,7.915446043014526
680,230,0.006255416636442886,8.021855115890503
680,240,0.014719715941112549,8.124176740646362
680,250,0.007521354209398873,7.983295917510986
680,260,0.017358969215574574,724.0771389007568
680,270,0.002905148271155243,10.449552774429321
680,280,0.002542692642000648,8.525877952575684
680,290,0.007449584546697679,8.510195970535278
680,300,0.018878022154631073,8.594415187835693
680,310,0.015222534903404776,8.122992277145386
680,320,0.011618996454997527,8.128193855285645
680,330,0.011171754837980406,8.228409051895142
680,340,0.00437547017694544,8.322973012924194
680,350,0.01353551986187891,8.559989929199219
680,360,0.003444113008302118,8.204879760742188
680,370,0.003019081812912666,8.403193950653076
680,380,0.0039823728902242325,8.555275917053223
680,390,0.004349328439316004,8.752993106842041
700,10,0.12929577770744527,8.082223176956177
700,20,0.010571662256976123,8.087337970733643
700,30,0.011550322892054819,8.228210210800171
700,40,0.006108040104291056,7.785861253738403
700,50,0.056188380452533875,7.943378925323486
700,60,0.007035702305117253,8.105222940444946
700,70,0.00950088726515412,8.411157131195068
700,80,0.00821120432398666,8.466690063476562
700,90,0.005812200077526899,8.087564945220947
700,100,0.005768467499209694,8.15412712097168
700,110,0.0045432257920426595,8.31619381904602
700,120,0.0022347266353151068,8.542990922927856
700,130,0.011953699302693806,8.548310995101929
700,140,0.03356114691498492,8.592753887176514
700,150,0.013468346802894061,8.878561019897461
700,160,0.01474615594863305,8.4651939868927
700,170,0.007707227650352477,9.171317100524902
700,180,0.004172405144505958,9.330952882766724
700,190,0.00865460933553248,9.26567792892456
700,200,0.005169822785143562,8.69687294960022
700,210,0.004806787115343476,8.496230840682983
700,220,0.011418015490442862,8.819127082824707
700,230,0.005087101793202756,8.251912832260132
700,240,0.0065216612181252884,8.14963698387146
700,250,0.004328560322104571,8.475749015808105
700,260,0.00455133655136093,8.521320819854736
700,270,0.00316494188500054,8.459566831588745
700,280,0.0052756555278938,8.605384349822998
700,290,0.005982641898565287,8.439677953720093
700,300,0.0053161104318593345,8.310839891433716
700,310,0.005969231935871598,8.039952754974365
700,320,0.00850110716104155,8.167585849761963
700,330,0.0046246483300760996,8.221025943756104
700,340,0.004529607628034145,8.028661966323853
700,350,0.006770235528302726,8.199440956115723
700,360,0.003926367121858707,8.67638087272644
700,370,0.0021404164761251528,8.493206977844238
700,380,0.007355373072765468,8.740454912185669
700,390,0.009581494722115459,8.684197902679443
720,10,1.8910693733969988,8.13011908531189
720,20,0.012348194294439951,7.92289924621582
720,30,0.008864579061523707,8.024262189865112
720,40,0.010962189710143,7.979203939437866
720,50,0.0184207105426827,8.081902027130127
720,60,0.013592419459315653,8.000954866409302
720,70,0.006450285093176061,7.942816972732544
720,80,0.003898392709128201,7.858109951019287
720,90,0.012394809678972387,8.021826028823853
720,100,0.005668600764192837,8.066004991531372
720,110,0.01119059872512143,8.096290826797485
720,120,0.015745715020324774,8.068879842758179
720,130,0.00884170050071837,8.110658884048462
720,140,0.0027078118101733512,8.063031196594238
720,150,0.016448362507619427,8.244391918182373
720,160,0.004619586256297366,8.198062896728516
720,170,0.004031317927918377,8.24275827407837
720,180,0.006287878616587718,8.184019088745117
720,190,0.005417147835514977,8.146116971969604
720,200,0.01049024961645,8.265644073486328
720,210,0.0037122899003769385,8.226490259170532
720,220,0.004698293706504018,8.113797903060913
720,230,0.02352561273373584,8.097536087036133
720,240,0.0060522013812206905,8.060082197189331
720,250,0.003096558714646916,7.994811773300171
720,260,0.010443292116863245,8.225864887237549
720,270,0.005286585579019004,8.332343101501465
720,280,0.006666146041984244,8.089667081832886
720,290,0.008618144784507516,8.035917043685913
720,300,0.011573240532475847,8.289632320404053
720,310,0.0036331213527157373,8.438442945480347
720,320,0.005093834043411071,8.334671020507812
720,330,0.004370273931639512,8.03852105140686
720,340,0.0067647960598390955,8.316066980361938
720,350,0.005571746242175202,8.278718948364258
720,360,0.004850690253712975,8.421268939971924
720,370,0.005445677250483872,8.54555892944336
720,380,0.010952413721548199,8.128251791000366
720,390,0.008213307944489259,8.523511171340942
740,10,0.7019022660627393,8.208096027374268
740,20,0.01114048791616139,8.111079931259155
740,30,0.004374516009524318,8.046005010604858
740,40,0.006497319886379895,8.157177209854126
740,50,0.003827046694186346,8.0797438621521
740,60,0.010583883614730684,8.141817808151245
740,70,0.006919721222074034,8.312232255935669
740,80,0.00932096217309683,8.090426921844482
740,90,0.008479647407920812,8.18619680404663
740,100,0.006736469528774975,8.008261919021606
740,110,0.006256527002668244,8.295503854751587
740,120,0.0029860394035293625,8.176424980163574
740,130,0.0030996628740727486,8.450672149658203
740,140,0.003510896425475101,8.405668020248413
740,150,0.00527702420701431,8.411083936691284
740,160,0.0022637679212190896,8.39540410041809
740,170,0.00430257665340777,8.505845069885254
740,180,0.009956701477751406,8.382209777832031
740,190,0.0027037544390155453,8.524855852127075
740,200,0.007373398585083798,8.578068017959595
740,210,0.011994633336053597,8.525524139404297
740,220,0.006350006281764667,8.544893026351929
740,230,0.0042845673421513025,8.603781938552856
740,240,0.002398736121932186,8.479900121688843
740,250,0.007805932930866085,8.263075828552246
740,260,0.022561152411031293,8.303105115890503
740,270,0.004139077571579592,8.212838172912598
740,280,0.005030704701759917,8.478594064712524
740,290,0.005426050264762798,8.020899057388306
740,300,0.00558845737717775,8.268081903457642
740,310,0.004581308578848413,8.035765171051025
740,320,0.004307550623067467,8.172614097595215
740,330,0.004870205672534146,8.153621673583984
740,340,0.003250516459942625,8.585423946380615
740,350,0.003514225674754747,8.534026861190796
740,360,0.00767987155631723,8.511569023132324
740,370,0.003067883371705887,8.530865907669067
740,380,0.007559708388107262,8.900253057479858
740,390,0.005275876396364079,8.683091878890991
760,10,1.0762261212748905,8.293569087982178
760,20,0.009167217432537445,8.201872825622559
760,30,0.003618984965290774,8.342428922653198
760,40,0.003824122713452833,8.369953632354736
760,50,0.018905131200072117,8.393342018127441
760,60,0.050932189000562594,8.161049842834473
760,70,0.0061648736344782126,8.21923303604126
760,80,0.008196261183596574,8.274860858917236
760,90,0.0054556613809961475,8.349309921264648
760,100,0.0035478880858764916,8.320143699645996
760,110,0.004340779583008153,8.337415218353271
760,120,0.0014293740632368007,8.56665587425232
760,130,0.004794113120218559,8.66740083694458
760,140,0.007780683473417355,8.406087160110474
760,150,0.005512166563322657,8.410549879074097
760,160,0.0027596781624748762,8.705275774002075
760,170,0.005263530366721713,8.435282945632935
760,180,0.004681251332026663,8.477454900741577
760,190,0.0048512087668780395,8.556599855422974
760,200,0.008733389943371087,8.56407904624939
760,210,0.006709467196006264,8.529767990112305
760,220,0.005831705589502725,8.776530981063843
760,230,0.02695662191513992,8.732600212097168
760,240,0.011130840978110047,8.625140905380249
760,250,0.005608508565330213,8.448333024978638
760,260,0.0026659604587062485,8.302041053771973
760,270,0.0053576030958601565,8.50553584098816
760,280,0.007413139141075243,8.602490663528442
760,290,0.004852316143305405,8.563529014587402
760,300,0.008000346636979771,8.424215078353882
760,310,0.0017008535069793485,8.408881187438965
760,320,0.008862228895183136,8.488549947738647
760,330,0.003138126747081988,8.528321027755737
760,340,0.004275683871795867,8.398791074752808
760,350,0.002584637874725301,9.092464208602905
760,360,0.007975815545460513,8.637027978897095
760,370,0.05943516109319903,8.525954961776733
760,380,0.003999746498788373,8.451845169067383
760,390,0.0013506951716488267,8.910354852676392
780,10,0.9063294426884764,9.737231016159058
780,20,0.002971077237878902,9.587612867355347
780,30,0.007487479870986123,8.347549200057983
780,40,0.009608526084334794,8.439537763595581
780,50,0.036158176744525254,8.366655826568604
780,60,0.009704260136454848,8.423829078674316
780,70,0.003603815877271063,9.01314091682434
780,80,0.0021212281793324653,8.95960807800293
780,90,0.007343234621902309,8.88972783088684
780,100,0.010486140536771273,8.412487983703613
780,110,0.0021046750679139764,8.501307964324951
780,120,0.006377770868639116,8.28747296333313
780,130,0.0037273591034495033,8.203459978103638
780,140,0.006311671982369431,8.26406717300415
780,150,0.0033727421949582173,8.267746210098267
780,160,0.003430335676933589,8.24385690689087
780,170,0.008991237946208472,8.34952712059021
780,180,0.0038694057592420024,8.441411972045898
780,190,0.004644350839048916,8.358225107192993
780,200,0.02058538282777383,8.490056991577148
780,210,0.005471683596445677,8.456300735473633
780,220,0.0033552965661887394,8.522608995437622
780,230,0.005470763455608211,8.582783937454224
780,240,0.004471507786959232,8.75826096534729
780,250,0.01419925273110444,8.488595962524414
780,260,0.00539848324410739,8.699832201004028
780,270,0.0062360894359910594,8.726669073104858
780,280,0.009940945294877978,8.812309980392456
780,290,0.00423156847258306,8.589062929153442
780,300,0.005277513395915895,8.690388917922974
780,310,0.005936589212629901,8.595103025436401
780,320,0.003979789546786192,8.597399950027466
780,330,0.01358900953632857,8.592092752456665
780,340,0.006859738770153146,8.596267938613892
780,350,0.024866365113068736,8.682871103286743
780,360,0.004703526258060572,8.459988117218018
780,370,0.009872554227291925,8.386130809783936
780,380,0.003994002331083575,8.348830938339233
780,390,0.008637547029792907,8.422998189926147
800,10,2.6482443886688647,8.489528179168701
800,20,0.010064963411893293,8.349318981170654
800,30,0.010434283304813082,8.387027978897095
800,40,0.01835908481909726,8.356812953948975
800,50,0.005659867420125875,8.535361051559448
800,60,0.018770760254111448,8.422396898269653
800,70,0.010325720451403496,8.393786907196045
800,80,0.02297266523849681,8.513406991958618
800,90,0.009727681464313579,8.594395875930786
800,100,0.004106173462674347,8.61900806427002
800,110,0.0122543488985083,8.755949974060059
800,120,0.004819049912563903,8.64414095878601
800,130,0.015408950045583415,8.49219298362732
800,140,0.00777028038552854,8.535278081893921
800,150,0.008255097116014529,8.674438953399658
800,160,0.006960414712386847,8.869882106781006
800,170,0.010451217488747364,9.296797037124634
800,180,0.004226077316733442,9.343899011611938
800,190,0.006901542124963028,8.676084995269775
800,200,0.002145384550282458,8.824664115905762
800,210,0.01389487569133562,8.695895910263062
800,220,0.00404496285924883,8.693655014038086
800,230,0.0096620686808469,8.799535036087036
800,240,0.004306001663265984,9.007874011993408
800,250,0.008860242591894059,8.976294755935669
800,260,0.005799270836455326,9.189958095550537
800,270,0.006675080398814292,8.940696001052856
800,280,0.012886840101625155,8.941111087799072
800,290,0.010260424060611405,9.225512027740479
800,300,0.010284830343405051,9.239923238754272
800,310,0.004651254750340515,8.608705997467041
800,320,0.009092133279498824,8.692148923873901
800,330,0.008272223071064377,8.545440196990967
800,340,0.0064920244800629546,8.67711091041565
800,350,0.008944099133808395,8.597821950912476
800,360,0.002774280082313593,8.514729261398315
800,370,0.0032565007350211944,8.594395160675049
800,380,0.0041077915085899015,8.632920265197754
800,390,0.005426844120653864,8.603227138519287
820,10,0.31364629904660585,8.554912090301514
820,20,0.005614370236946102,8.743108987808228
820,30,0.024508827248465762,8.973476886749268
820,40,0.011674534608743127,8.800466060638428
820,50,0.00417807118272802,8.706618070602417
820,60,0.00386226155344018,8.779124021530151
820,70,0.0063413208349451635,8.91092300415039
820,80,0.007063743866673433,8.430405139923096
820,90,0.00415998860381358,8.570350170135498
820,100,0.0039397181401888415,8.615757703781128
820,110,0.0017378149566537682,8.709470987319946
820,120,0.004961769004584266,8.451608180999756
820,130,0.008209672819748121,8.521448850631714
820,140,0.0032266973238425935,8.41116213798523
820,150,0.03458764437080479,8.690301895141602
820,160,0.004234513846095034,8.713661909103394
820,170,0.003265499873106496,8.777510166168213
820,180,0.004749653705454295,9.199702024459839
820,190,0.0073414143138816656,8.808858156204224
820,200,0.005414856215400275,8.634926080703735
820,210,0.007924392863392145,8.666737079620361
820,220,0.007183480148769317,9.051624059677124
820,230,0.006512502457493591,8.7206552028656
820,240,0.0041237511788472184,8.70969295501709
820,250,0.013452673317463217,8.751288175582886
820,260,0.005049933602305959,9.183554887771606
820,270,0.024878659894755774,9.004408121109009
820,280,0.002287027931845205,9.113449096679688
820,290,0.004789326697099933,8.871841192245483
820,300,0.005954103858638946,8.910799741744995
820,310,0.04887538649101749,8.8527250289917
820,320,0.006146105836317642,8.829596757888794
820,330,0.003948773866897162,8.813233852386475
820,340,0.008975628728906214,8.79472303390503
820,350,0.0020515605702852427,8.824085712432861
820,360,0.00384803995607977,9.00641918182373
820,370,0.0033392959968042766,8.734725713729858
820,380,0.002864961327906823,8.887797832489014
820,390,0.0056884828551422946,8.998960018157959
840,10,0.7144491465077676,8.588484764099121
840,20,0.008395586681361793,8.47048306465149
840,30,0.019244819905783663,8.755127906799316
840,40,0.0069818949023982895,8.673837184906006
840,50,0.005120892984789098,8.602405786514282
840,60,0.0041156903378291925,8.472795248031616
840,70,0.011783238759754153,8.914650201797485
840,80,0.011138735478466208,8.866765022277832
840,90,0.005083293049637911,8.805432081222534
840,100,0.005938837341548134,8.8154776096344
840,110,0.0027577751055824847,8.918575048446655
840,120,0.010683174754916374,9.074496030807495
840,130,0.005115423769782002,8.958333969116211
840,140,0.0030552504036250256,8.945558786392212
840,150,0.0019060514085347067,9.041601181030273
840,160,0.004691267115941359,8.785290002822876
840,170,0.00462085212488938,8.786211013793945
840,180,0.0032927539797298544,9.044152021408081
840,190,0.01674244830602912,8.526748180389404
840,200,0.024804957432908288,8.61925196647644
840,210,0.01570315003027018,8.53261685371399
840,220,0.0061773817123218985,8.623144149780273
840,230,0.011570217451606505,8.841690063476562
840,240,0.005181060490428371,9.10318398475647
840,250,0.0044296045801815506,8.896618127822876
840,260,0.005505077678267226,9.106305122375488
840,270,0.007787259911203604,8.938557147979736
840,280,0.003832723632121899,9.140121936798096
840,290,0.00694136920288521,8.945551872253418
840,300,0.009843824920763983,8.9066162109375
840,310,0.0034928110308259483,8.937751054763794
840,320,0.0025723834988010765,8.969310760498047
840,330,0.0012137750330954902,8.84890103340149
840,340,0.005461531210912063,9.031134128570557
840,350,0.0037166836308450122,9.5764741897583
840,360,0.0030310167383706984,9.063377857208252
840,370,0.008927792808544457,8.879776000976562
840,380,0.00678303628596771,9.009052753448486
840,390,0.023754173465986798,9.227017879486084
860,10,0.5107598158094334,8.988749980926514
860,20,0.008643192317431513,8.83624005317688
860,30,0.011699365053562425,9.159536123275757
860,40,0.009884034964707073,9.11188793182373
860,50,0.008280062944207205,9.171772718429565
860,60,0.01214301718229328,9.228933811187744
860,70,0.004399858321894611,9.252782106399536
860,80,0.008395149706988783,9.209008932113647
860,90,0.01456698278722688,9.311885118484497
860,100,0.008229608145751384,9.09435224533081
860,110,0.0016699855360397368,8.771467924118042
860,120,0.004447580469037301,9.270435094833374
860,130,0.003310014028968956,9.4443519115448
860,140,0.004105881956775672,9.158878087997437
860,150,0.00888140800936949,9.083781242370605
860,160,0.001675844278821112,9.21829605102539
860,170,0.004761192049316335,9.25737190246582
860,180,0.019008541636421388,9.505867958068848
860,190,0.02888305899115395,9.219277143478394
860,200,0.028553493869623282,9.176284790039062
860,210,0.007179430700577581,9.621433734893799
860,220,0.004749701964966873,9.162330865859985
860,230,0.006415905061524304,9.426805973052979
860,240,0.00601725015847624,9.292574882507324
860,250,0.0033821218672054755,9.470436096191406
860,260,0.0025379141831639238,9.23507308959961
860,270,0.004152658721070247,9.44735836982727
860,280,0.006422739440478581,9.271014928817749
860,290,0.008296711100615644,9.368345022201538
860,300,0.004050485758843699,9.421880006790161
860,310,0.01595204981589426,9.764151096343994
860,320,0.008296382327900753,9.4822678565979
860,330,0.002181008422698894,9.28022575378418
860,340,0.0049272685601205735,9.200845003128052
860,350,0.0042374770144736115,9.460576057434082
860,360,0.005457499528061371,9.77152395248413
860,370,0.001977564592025453,9.055347919464111
860,380,0.007788962510545966,9.053545951843262
860,390,0.011853999097098137,9.121017932891846
880,10,0.059461609873680085,8.679847002029419
880,20,0.014759017798742832,8.82414197921753
880,30,0.009219142519234483,8.852772951126099
880,40,0.0026842462000249414,8.692187070846558
880,50,0.004885889851665439,8.567770957946777
880,60,0.004565636364864621,8.659931898117065
880,70,0.010753841152353689,8.802241802215576
880,80,0.008584389356909467,8.9493408203125
880,90,0.017539856953081263,8.706843137741089
880,100,0.0034074066822728185,8.641000986099243
880,110,0.004333443716843002,8.721495151519775
880,120,0.020129954397482355,8.717904090881348
880,130,0.005136717663971783,8.82594084739685
880,140,0.005217070507405784,8.880229234695435
880,150,0.010892820808098698,8.814259767532349
880,160,0.005387849617179359,8.730339765548706
880,170,0.014760892409176177,8.80270504951477
880,180,0.008910591593408963,8.778584003448486
880,190,0.008813665578035907,9.015143871307373
880,200,0.012669780044717319,8.776740789413452
880,210,0.00772770404447886,8.897639989852905
880,220,0.00420234601526392,9.083102941513062
880,230,0.0042320905242399735,9.10321307182312
880,240,0.0051706485693701135,8.79029393196106
880,250,0.004439322713123943,8.718358039855957
880,260,0.006037195519637147,8.819013833999634
880,270,0.0035136036596309667,8.835251331329346
880,280,0.004489031150768716,8.910150289535522
880,290,0.006884618010138414,8.871455907821655
880,300,0.011572920624815498,9.12220811843872
880,310,0.006129104461689228,8.882021188735962
880,320,0.003942359575806957,9.015358924865723
880,330,0.005101128560237569,8.81610894203186
880,340,0.010604924172185115,8.946601152420044
880,350,0.005992359080441416,8.793652057647705
880,360,0.006890624891187889,9.074519157409668
880,370,0.011147068579886163,8.918670177459717
880,380,0.017403172831598552,9.10679292678833
880,390,0.0038319524040166014,8.790362119674683
900,10,2.533079933014422,9.279208898544312
900,20,0.003727250202237348,9.444943904876709
900,30,0.009768289602255778,9.360809326171875
900,40,0.005792180061610272,9.209898948669434
900,50,0.00978157097589591,9.348917007446289
900,60,0.0024078222019449087,9.342185974121094
900,70,0.00350747001992285,9.39224100112915
900,80,0.00666420334413356,8.983361005783081
900,90,0.0035378727516156105,9.402308940887451
900,100,0.008285120267021594,9.382439136505127
900,110,0.03490773487899761,9.382336139678955
900,120,0.007431983508875429,9.224241018295288
900,130,0.005525389291175834,9.269027948379517
900,140,0.006779114753531204,9.34275507926941
900,150,0.016371134195932127,9.484538078308105
900,160,0.010857466084451048,9.356214046478271
900,170,0.006449778942033137,9.406255006790161
900,180,0.005347113746909912,9.468468189239502
900,190,0.009365826272672568,9.415863037109375
900,200,0.0071383898518816435,9.408961057662964
900,210,0.0067364438525702825,9.586580038070679
900,220,0.0040192905813455195,9.425950050354004
900,230,0.007116024304825893,9.788487195968628
900,240,0.008104772353865072,9.214359760284424
900,250,0.007555246095993905,9.366420030593872
900,260,0.00338352344777244,9.292218923568726
900,270,0.007874363783152512,9.516448974609375
900,280,0.003028608027317105,9.498421907424927
900,290,0.00471936926931355,9.564954996109009
900,300,0.006880027494708639,9.497250080108643
900,310,0.004563291673237339,9.5690758228302
900,320,0.011806265516141888,9.502763032913208
900,330,0.014426634920424572,9.503152847290039
900,340,0.007093631409766023,9.67763090133667
900,350,0.009595521013551826,9.443846940994263
900,360,0.005987468713848344,9.539211988449097
900,370,0.00322534946309382,9.374358177185059
900,380,0.006468933515248736,9.591960191726685
900,390,0.003279039553437852,9.487555265426636
920,10,0.9028857876731905,9.406436204910278
920,20,0.008774871822132957,9.328831911087036
920,30,0.0014874405956235492,9.297388076782227
920,40,0.009154354957432363,9.141446113586426
920,50,0.0038924790450971182,9.13153624534607
920,60,0.009598142796770409,9.37222695350647
920,70,0.0041212544558953835,9.297438859939575
920,80,0.015350662665792382,9.496498346328735
920,90,0.0026990421508352744,9.236469030380249
920,100,0.007163371676192492,9.359063148498535
920,110,0.0064733909302078846,9.433995723724365
920,120,0.02782127127402308,8.714491844177246
920,130,0.005333935820052391,9.547932147979736
920,140,0.0052492218074154775,10.055298089981079
920,150,0.00580601202972155,9.756675004959106
920,160,0.005210426789850903,9.649634838104248
920,170,0.0046845930794039954,10.16031289100647
920,180,0.018295427053469912,9.793449878692627
920,190,0.005316405125855901,9.845230102539062
920,200,0.00447866674461591,9.78729510307312
920,210,0.007346650170565465,9.739984273910522
920,220,0.004257485208592851,9.608150005340576
920,230,0.004220307456391974,9.543874025344849
920,240,0.003537218794187622,9.540870189666748
920,250,0.003890376612539822,9.941167831420898
920,260,0.01364646340920307,10.240280151367188
920,270,0.0072513493358605415,9.761811971664429
920,280,0.0036990537014564445,9.717679977416992
920,290,0.0040488581159236064,9.757089138031006
920,300,0.018130018312098005,9.955759048461914
920,310,0.004558390677319333,10.161317110061646
920,320,0.0012958632871854499,9.988296031951904
920,330,0.0031396229063926184,9.783947944641113
920,340,0.004733488334602933,9.905462980270386
920,350,0.004172567535747833,10.067224025726318
920,360,0.0021724401947080664,10.176580905914307
920,370,0.007426793769455113,10.137026071548462
920,380,0.006835848123655407,10.094181060791016
920,390,0.005179400729492395,10.01697325706482
940,10,0.45459096737347454,9.47097897529602
940,20,0.00410653202230274,9.749360084533691
940,30,0.007412803363340427,10.184187889099121
940,40,0.004809738672074324,9.704535007476807
940,50,0.006852765005589194,9.872716903686523
940,60,0.006755935505662055,9.734302997589111
940,70,0.005280977229044083,9.942521095275879
940,80,0.01103821698274832,9.826270341873169
940,90,0.001818183996592746,9.763203144073486
940,100,0.011157350457369864,9.807640075683594
940,110,0.009460578143494441,9.936424970626831
940,120,0.0037973613133709307,9.594263076782227
940,130,0.00620617998147456,9.698986053466797
940,140,0.010421620877965129,9.754851818084717
940,150,0.006400717905132399,10.871780157089233
940,160,0.004819640780581241,10.153673887252808
940,170,0.003044492774233201,9.921604871749878
940,180,0.005440794732749928,9.50658917427063
940,190,0.013334870601847331,9.509889841079712
940,200,0.020644149640130623,9.569936037063599
940,210,0.0038175468570698164,9.59623384475708
940,220,0.006564453270176697,9.721124172210693
940,230,0.0033602283589044993,9.752072811126709
940,240,0.006798675324761268,9.812875747680664
940,250,0.005169777554476994,10.43002700805664
940,260,0.005739319501718853,9.633776187896729
940,270,0.005383577725246201,9.915426969528198
940,280,0.004660629398218259,9.516587018966675
940,290,0.007129165835905228,9.611351013183594
940,300,0.00533711102274111,9.935923337936401
940,310,0.007227680302765819,9.449045896530151
940,320,0.005433027306491184,9.42702579498291
940,330,0.00612916512923267,9.44959807395935
940,340,0.0030318098841621757,9.424930095672607
940,350,0.004415562183152764,9.490710020065308
940,360,0.00774763652027539,9.424720048904419
940,370,0.0020413218736387642,9.44736933708191
940,380,0.008912477952139671,9.473304033279419
940,390,0.0025754389535111257,9.588657140731812
960,10,0.22516538697279956,9.057789087295532
960,20,0.022502252323581672,9.301581859588623
960,30,0.0055921877509991745,9.258833169937134
960,40,0.0061772680085121255,9.251069784164429
960,50,0.004085459071251655,9.326624155044556
960,60,0.0032112314124165295,9.337352275848389
960,70,0.005184794272045376,9.337444067001343
960,80,0.016867225240843525,9.433442831039429
960,90,0.0349290559868044,9.626987934112549
960,100,0.0036427342145956615,9.640067100524902
960,110,0.006853696473238132,10.227174758911133
960,120,0.0011696952268883901,9.791743040084839
960,130,0.011030077684437858,9.82557487487793
960,140,0.018851486098879596,10.064733982086182
960,150,0.015119881510601422,9.82208800315857
960,160,0.010985425747282531,9.683398246765137
960,170,0.00889460759226645,9.735771894454956
960,180,0.0067508592264824046,9.795166015625
960,190,0.0067656236049087595,9.559856176376343
960,200,0.003763099210088518,9.332077026367188
960,210,0.004416956849298974,9.187663793563843
960,220,0.014419215649678381,9.427649974822998
960,230,0.00313505385856122,9.52468729019165
960,240,0.007465044032590559,9.451313972473145
960,250,0.002195987225790241,9.425242900848389
960,260,0.004596129823986035,9.491728067398071
960,270,0.005904701766257362,9.38403034210205
960,280,0.004821117398039084,9.59249997138977
960,290,0.0031472687039977845,8.969422101974487
960,300,0.004878278575901196,9.18473505973816
960,310,0.003854697325051778,9.461791038513184
960,320,0.005331497973050969,9.542342901229858
960,330,0.006766336058905728,9.464200019836426
960,340,0.012758026940782707,9.491147994995117
960,350,0.003190771032951563,9.444976806640625
960,360,0.011167727487532931,9.720097780227661
960,370,0.003854873732234921,9.574198007583618
960,380,0.005530496588562071,9.563567876815796
960,390,0.0038790227376230895,9.591847896575928
980,10,0.07740198583059592,9.617406845092773
980,20,0.007757632968043672,9.580075979232788
980,30,0.0033895090226257296,9.738521814346313
980,40,0.005829386343072227,9.61509895324707
980,50,0.009289622276477547,9.610687017440796
980,60,0.037321308747508046,9.285254001617432
980,70,0.006029429136793503,9.589662075042725
980,80,0.016830095811242198,9.597272872924805
980,90,0.0036455700361284968,9.633988857269287
980,100,0.009774068877263124,9.781694889068604
980,110,0.005530280021102565,9.673612117767334
980,120,0.003946327475749663,9.638476133346558
980,130,0.006028957662569242,9.527332067489624
980,140,0.02964419178002956,9.603475093841553
980,150,0.0060971928693056435,9.608872890472412
980,160,0.004524493687754948,9.52900505065918
980,170,0.007900367010383214,9.652504920959473
980,180,0.0038172007751352127,9.68923807144165
980,190,0.004161089335039687,9.705629825592041
980,200,0.0039497901746283854,9.661854028701782
980,210,0.002725097478213455,9.711913108825684
980,220,0.008355080941846449,9.861284017562866
980,230,0.005463627599262639,9.658965587615967
980,240,0.0034311681086882173,9.54632306098938
980,250,0.004940220916666937,9.723846197128296
980,260,0.0037276761745025384,9.73419189453125
980,270,0.014063749557154098,9.711753845214844
980,280,0.005229861690569566,9.431950092315674
980,290,0.002691116419852642,9.246830701828003
980,300,0.0029607681554992033,9.768176794052124
980,310,0.0031373472810861994,9.703313827514648
980,320,0.0029605033401804482,9.620831966400146
980,330,0.00855939223728237,9.797675609588623
980,340,0.0032139110509529956,9.763978958129883
980,350,0.0036308048277048093,9.873475790023804
980,360,0.0022955305997713863,9.603646755218506
980,370,0.020667449409345135,9.919826745986938
980,380,0.007433128314026439,9.917851686477661
980,390,0.009105645761890019,9.820635318756104
